{"1": {"action": [-0.02553243332706523, 0.5178992785551113], "state": {"0": [316.97894771734093, 336.4450265482409], "4": [900.0, 380.0], "2": [900.0, 250.0], "5": [100.0, 200.0], "1": [500.0, 250.0], "3": [750.0, 300.0], "white": [316.97894771734093, 336.4450265482409]}}, "2": {"action": [0.4626665885125154, 0.18358609418306193], "state": {"0": [89.8070202698912, 311.24953686812086], "4": [900.0, 380.0], "2": [900.0, 250.0], "5": [100.0, 200.0], "1": [500.0, 250.0], "3": [750.0, 300.0], "white": [89.8070202698912, 311.24953686812086]}}, "3": {"action": [0.8138584916289038, 0.7331023839388078], "state": {"0": [511.0586793507351, 323.4393830560229], "4": [900.0, 380.0], "2": [900.0, 250.0], "5": [100.0, 200.0], "1": [500.0, 250.0], "3": [750.0, 300.0], "white": [511.0586793507351, 323.4393830560229]}}, "4": {"action": [0.21007903716146537, 0.44356913132420706], "state": {"0": [154.28909518323107, 265.54744988124736], "4": [900.0, 380.0], "2": [900.0, 250.0], "5": [100.0, 200.0], "1": [500.0, 250.0], "3": [750.0, 300.0], "white": [154.28909518323107, 265.54744988124736]}}, "5": {"action": [-0.006683619426125276, 0.6813605849244363], "state": {"0": [189.26004815600874, 172.79468728171494], "4": [900.0, 380.0], "2": [900.0, 250.0], "5": [100.0, 200.0], "1": [500.0, 250.0], "3": [750.0, 300.0], "white": [189.26004815600874, 172.79468728171494]}}, "6": {"action": [-0.5991850367313716, 0.15640263210982397], "state": {"0": [371.7248633432788, 231.5852427681055], "4": [900.0, 380.0], "2": [900.0, 250.0], "5": [100.0, 200.0], "1": [500.0, 250.0], "3": [750.0, 300.0], "white": [371.7248633432788, 231.5852427681055]}}, "7": {"action": [-0.19853592029632905, 0.41449523643446085], "state": {"4": [900.0, 380.0], "2": [900.0, 250.0], "5": [100.0, 200.0], "1": [500.0, 250.0], "3": [750.0, 300.0], "0": [266.0, 250.0], "white": [266.0, 250.0]}}, "8": {"action": [-0.12905309215142236, 0.9190472021091992], "state": {"4": [900.0, 380.0], "2": [900.0, 250.0], "5": [100.0, 200.0], "1": [500.0, 250.0], "3": [750.0, 300.0], "0": [113.13547740941678, 235.28483134555165], "white": [113.13547740941678, 235.28483134555165]}}, "9": {"action": [0.032077809787029565, 0.04766164832161501], "state": {"4": [900.0, 380.0], "2": [900.0, 250.0], "5": [86.96089090384058, 173.20904177298846], "1": [500.0, 250.0], "3": [750.0, 300.0], "0": [119.5390251532024, 219.86131449317742], "white": [119.5390251532024, 219.86131449317742]}}, "10": {"action": [0.9368504625117715, 0.07570637006180347], "state": {"4": [900.0, 380.0], "2": [900.0, 250.0], "5": [86.96089090384058, 173.20904177298846], "1": [500.0, 250.0], "3": [750.0, 300.0], "0": [103.40514038313971, 300.69657861480954], "white": [103.40514038313971, 300.69657861480954]}}}